,Unnamed: 0,HR,95%_CI_Lower,95%_CI_Upper,P_value
0,Age (per year),1.000336619119973,0.957374414796604,1.045226753594592,0.9880105349115689
1,Male gender,2.689054049275636,0.7814372242852888,9.253477381422748,0.1166875473814606
2,APOE ε4 carrier,1.714437631628827e-08,0.0,inf,0.9941214413626068
3,Radio+Chemo treatment,0.8566968498087767,0.2274369586323663,3.226957909064464,0.8191926857813163
