HRR_ID	Y_reads	Autosomal_reads	Y_fraction	Sex_call
HRR024685	86185	58854930	0.001464	Male
HRR024697	12230	10102461	0.001211	Male
